"original_language_code","target_language_code","original_term","translated_term","description","kind"
"es","en","Aguere","Aguere","Hostel","name"
"es","fr","Aguere","Aguere","Hostel","name"
"es","de","Aguere","Aguere","Hostel","name"
"es","it","Aguere","Aguere","Hostel","name"
"es","en","Arena Nest","Arena Nest","Hostel","name"
"es","fr","Arena Nest","Arena Nest","Hostel","name"
"es","de","Arena Nest","Arena Nest","Hostel","name"
"es","it","Arena Nest","Arena Nest","Hostel","name"
"es","en","Arena Nests","Arena Nests","Hostel","name"
"es","fr","Arena Nests","Arena Nests","Hostel","name"
"es","de","Arena Nests","Arena Nests","Hostel","name"
"es","it","Arena Nests","Arena Nests","Hostel","name"
"es","en","Ashavana","Ashavana","Hostel","name"
"es","fr","Ashavana","Ashavana","Hostel","name"
"es","de","Ashavana","Ashavana","Hostel","name"
"es","it","Ashavana","Ashavana","Hostel","name"
"es","en","by Nest","by Nest","Hostel Brand","name"
"es","fr","by Nest","by Nest","Hostel Brand","name"
"es","de","by Nest","by Nest","Hostel Brand","name"
"es","it","by Nest","by Nest","Hostel Brand","name"
"es","en","by Nests","by Nests","Hostel Brand","name"
"es","fr","by Nests","by Nests","Hostel Brand","name"
"es","de","by Nests","by Nests","Hostel Brand","name"
"es","it","by Nests","by Nests","Hostel Brand","name"
"es","en","by Nests Hostels","by Nests Hostels","Brand Hostel","name"
"es","fr","by Nests Hostels","by Nests Hostels","Brand Hostel","name"
"es","de","by Nests Hostels","by Nests Hostels","Brand Hostel","name"
"es","it","by Nests Hostels","by Nests Hostels","Brand Hostel","name"
"es","en","Cisne Nest","Cisne Nest","Hostel","name"
"es","fr","Cisne Nest","Cisne Nest","Hostel","name"
"es","de","Cisne Nest","Cisne Nest","Hostel","name"
"es","it","Cisne Nest","Cisne Nest","Hostel","name"
"es","en","Cisne Nests","Cisne Nests","Hostel","name"
"es","fr","Cisne Nests","Cisne Nests","Hostel","name"
"es","de","Cisne Nests","Cisne Nests","Hostel","name"
"es","it","Cisne Nests","Cisne Nests","Hostel","name"
"es","en","Duque","Duque","Hostel","name"
"es","fr","Duque","Duque","Hostel","name"
"es","de","Duque","Duque","Hostel","name"
"es","it","Duque","Duque","Hostel","name"
"es","en","Flamingo Nest","Flamingo Nest","Hostel","name"
"es","fr","Flamingo Nest","Flamingo Nest","Hostel","name"
"es","de","Flamingo Nest","Flamingo Nest","Hostel","name"
"es","it","Flamingo Nest","Flamingo Nest","Hostel","name"
"es","en","Flamingo Nests","Flamingo Nests","Hostel","name"
"es","fr","Flamingo Nests","Flamingo Nests","Hostel","name"
"es","de","Flamingo Nests","Flamingo Nests","Hostel","name"
"es","it","Flamingo Nests","Flamingo Nests","Hostel","name"
"es","en","Flow as you go","Flow as you go","Brand","name"
"es","fr","Flow as you go","Flow as you go","Brand","name"
"es","de","Flow as you go","Flow as you go","Brand","name"
"es","it","Flow as you go","Flow as you go","Brand","name"
"es","en","Las Eras","Las Eras","Hostel","name"
"es","fr","Las Eras","Las Eras","Hostel","name"
"es","de","Las Eras","Las Eras","Hostel","name"
"es","it","Las Eras","Las Eras","Hostel","name"
"es","en","Las Palmas","Las Palmas","Hostel","name"
"es","fr","Las Palmas","Las Palmas","Hostel","name"
"es","de","Las Palmas","Las Palmas","Hostel","name"
"es","it","Las Palmas","Las Palmas","Hostel","name"
"es","en","Los Amigos Nest","Los Amigos Nest","Hostel","name"
"es","fr","Los Amigos Nest","Los Amigos Nest","Hostel","name"
"es","de","Los Amigos Nest","Los Amigos Nest","Hostel","name"
"es","it","Los Amigos Nest","Los Amigos Nest","Hostel","name"
"es","en","Los Amigos Nests","Los Amigos Nests","Hostel","name"
"es","fr","Los Amigos Nests","Los Amigos Nests","Hostel","name"
"es","de","Los Amigos Nests","Los Amigos Nests","Hostel","name"
"es","it","Los Amigos Nests","Los Amigos Nests","Hostel","name"
"es","en","Medano","Medano","","name"
"es","fr","Medano","Medano","","name"
"es","de","Medano","Medano","","name"
"es","it","Medano","Medano","","name"
"es","en","Nest","Nest","Brand","name"
"es","fr","Nest","Nest","Brand","name"
"es","de","Nest","Nest","Brand","name"
"es","it","Nest","Nest","Brand","name"
"es","en","Nest Arena","Nest Arena","Hostel","name"
"es","fr","Nest Arena","Nest Arena","Hostel","name"
"es","de","Nest Arena","Nest Arena","Hostel","name"
"es","it","Nest Arena","Nest Arena","Hostel","name"
"es","en","Nest Cisne","Nest Cisne","Hostel","name"
"es","fr","Nest Cisne","Nest Cisne","Hostel","name"
"es","de","Nest Cisne","Nest Cisne","Hostel","name"
"es","it","Nest Cisne","Nest Cisne","Hostel","name"
"es","en","Nest Flamingo","Nest Flamingo","Hostel","name"
"es","fr","Nest Flamingo","Nest Flamingo","Hostel","name"
"es","de","Nest Flamingo","Nest Flamingo","Hostel","name"
"es","it","Nest Flamingo","Nest Flamingo","Hostel","name"
"es","en","Nest Hostel","Nest Hostel","Brand","name"
"es","fr","Nest Hostel","Nest Hostel","Brand","name"
"es","de","Nest Hostel","Nest Hostel","Brand","name"
"es","it","Nest Hostel","Nest Hostel","Brand","name"
"es","en","Nest Hostels","Nest Hostels","Brand","name"
"es","fr","Nest Hostels","Nest Hostels","Brand","name"
"es","de","Nest Hostels","Nest Hostels","Brand","name"
"es","it","Nest Hostels","Nest Hostels","Brand","name"
"es","en","Nest Los Amigos","Nest Los Amigos","Hostel","name"
"es","fr","Nest Los Amigos","Nest Los Amigos","Hostel","name"
"es","de","Nest Los Amigos","Nest Los Amigos","Hostel","name"
"es","it","Nest Los Amigos","Nest Los Amigos","Hostel","name"
"es","en","Nest Pass","Nest Pass","Brand offer","name"
"es","fr","Nest Pass","Nest Pass","Brand offer","name"
"es","de","Nest Pass","Nest Pass","Brand offer","name"
"es","it","Nest Pass","Nest Pass","Brand offer","name"
"es","en","Nest Pass month","Nest Pass month","Brand","name"
"es","fr","Nest Pass month","Nest Pass month","Brand","name"
"es","de","Nest Pass month","Nest Pass month","Brand","name"
"es","it","Nest Pass month","Nest Pass month","Brand","name"
"es","en","Nest Pass week","Nest Pass week","Brand","name"
"es","fr","Nest Pass week","Nest Pass week","Brand","name"
"es","de","Nest Pass week","Nest Pass week","Brand","name"
"es","it","Nest Pass week","Nest Pass week","Brand","name"
"es","en","Nest Puerto","Nest Puerto","Hostel","name"
"es","fr","Nest Puerto","Nest Puerto","Hostel","name"
"es","de","Nest Puerto","Nest Puerto","Hostel","name"
"es","it","Nest Puerto","Nest Puerto","Hostel","name"
"es","en","Nest Staff","Nest Staff","Brand","name"
"es","fr","Nest Staff","Nest Staff","Brand","name"
"es","de","Nest Staff","Nest Staff","Brand","name"
"es","it","Nest Staff","Nest Staff","Brand","name"
"es","en","Nest Team","Nest Team","Brand","name"
"es","fr","Nest Team","Nest Team","Brand","name"
"es","de","Nest Team","Nest Team","Brand","name"
"es","it","Nest Team","Nest Team","Brand","name"
"es","en","Nests","Nests","Brand","name"
"es","fr","Nests","Nests","Brand","name"
"es","de","Nests","Nests","Brand","name"
"es","it","Nests","Nests","Brand","name"
"es","en","Nests Hostel","Nests Hostel","Brand","name"
"es","fr","Nests Hostel","Nests Hostel","Brand","name"
"es","de","Nests Hostel","Nests Hostel","Brand","name"
"es","it","Nests Hostel","Nests Hostel","Brand","name"
"es","en","Nests Hostels","Nests Hostels","Brand","name"
"es","fr","Nests Hostels","Nests Hostels","Brand","name"
"es","de","Nests Hostels","Nests Hostels","Brand","name"
"es","it","Nests Hostels","Nests Hostels","Brand","name"
"es","en","Nests Staff","Nests Staff","Brand","name"
"es","fr","Nests Staff","Nests Staff","Brand","name"
"es","de","Nests Staff","Nests Staff","Brand","name"
"es","it","Nests Staff","Nests Staff","Brand","name"
"es","en","Nests Team","Nests Team","Brand","name"
"es","fr","Nests Team","Nests Team","Brand","name"
"es","de","Nests Team","Nests Team","Brand","name"
"es","it","Nests Team","Nests Team","Brand","name"
"es","en","Puerto Nest","Puerto Nest","Hostel","name"
"es","fr","Puerto Nest","Puerto Nest","Hostel","name"
"es","de","Puerto Nest","Puerto Nest","Hostel","name"
"es","it","Puerto Nest","Puerto Nest","Hostel","name"
"es","en","Puerto Nests","Puerto Nests","Hostel","name"
"es","fr","Puerto Nests","Puerto Nests","Hostel","name"
"es","de","Puerto Nests","Puerto Nests","Hostel","name"
"es","it","Puerto Nests","Puerto Nests","Hostel","name"
"es","en","Surf Camp","Surf Camp","Experience","name"
"es","fr","Surf Camp","Surf Camp","Experience","name"
"es","de","Surf Camp","Surf Camp","Experience","name"
"es","it","Surf Camp","Surf Camp","Experience","name"